地区,标题,网址,来源,日期,对新闻标题和内容评分
中国肺炎疫情实时动态,丁香园网络战“疫”公益项目,http://www.china.com.cn/opinion/2021-01/10/content_77099444.htm,中国网,2021-01-10,0
中国肺炎疫情实时动态,关于进一步严格精准科学 加强疫情防控工作的通知,http://www.thepaper.cn/newsDetail_forward_10725772,澎湃新闻,2021-1-9,0
中国肺炎疫情实时动态,1月8日河北省新冠肺炎疫情防控工作新闻发布会文字实录,https://new.qq.com/omn/20210109/20210109A0578A00.html,腾讯网,2021-1-9,10
中国肺炎疫情实时动态,警惕!河北本轮疫情呈现3大特点|石家庄核酸检测“火眼”连夜建成|...,http://www.thepaper.cn/newsDetail_forward_10728737,澎湃新闻,2021-1-9,10
中国肺炎疫情实时动态,"证据确凿!国内多地疫情反扑,大批人疯狂囤货",https://baijiahao.baidu.com/s?id=1688308794484136552&amp;wfr=spider&amp;for=pc,超拼视频购,2021-1-8,15
中国肺炎疫情实时动态,新冠肺炎疫情防控常态化个人防护 | 出门防护安全提醒,http://www.thepaper.cn/newsDetail_forward_10724405,澎湃新闻,2021-1-8,15
中国肺炎疫情实时动态,江西省新冠肺炎疫情防控工作新闻发布会(第二十八场)在南昌举行,http://www.jiangxi.gov.cn/art/2021/1/8/art_5862_3045674.html,江西省人民政府网,2021-1-8,5
中国肺炎疫情实时动态,"王东峰在河北省应对新冠肺炎疫情工作领导小组扩大会议上强调,科学...",http://www.thepaper.cn/newsDetail_forward_10703588,澎湃新闻,2021-1-7,5
中国肺炎疫情实时动态,集宁区新冠肺炎疫情防控指挥部四十八号公告——关于进一步加强...,http://www.thepaper.cn/newsDetail_forward_10694348,澎湃新闻,2021-1-7,40
中国肺炎疫情实时动态,"河北省新增51例,其中2人曾在山西活动!|太原市疾控中心|疫情防控|...",http://new.qq.com/omn/ENT20190/20210107A096MP00.html,腾讯网,2021-1-7,20
地区,标题,网址,来源,日期,对新闻标题和内容评分
中国肺炎疫情实时动态,丁香园网络战“疫”公益项目,http://www.china.com.cn/opinion/2021-01/10/content_77099444.htm,中国网,2021-01-10,0
中国肺炎疫情实时动态,关于进一步严格精准科学 加强疫情防控工作的通知,http://www.thepaper.cn/newsDetail_forward_10725772,澎湃新闻,2021-1-9,0
中国肺炎疫情实时动态,1月8日河北省新冠肺炎疫情防控工作新闻发布会文字实录,https://new.qq.com/omn/20210109/20210109A0578A00.html,腾讯网,2021-1-9,10
中国肺炎疫情实时动态,警惕!河北本轮疫情呈现3大特点|石家庄核酸检测“火眼”连夜建成|...,http://www.thepaper.cn/newsDetail_forward_10728737,澎湃新闻,2021-1-9,10
中国肺炎疫情实时动态,"证据确凿!国内多地疫情反扑,大批人疯狂囤货",https://baijiahao.baidu.com/s?id=1688308794484136552&amp;wfr=spider&amp;for=pc,超拼视频购,2021-1-8,15
中国肺炎疫情实时动态,新冠肺炎疫情防控常态化个人防护 | 出门防护安全提醒,http://www.thepaper.cn/newsDetail_forward_10724405,澎湃新闻,2021-1-8,15
中国肺炎疫情实时动态,江西省新冠肺炎疫情防控工作新闻发布会(第二十八场)在南昌举行,http://www.jiangxi.gov.cn/art/2021/1/8/art_5862_3045674.html,江西省人民政府网,2021-1-8,5
中国肺炎疫情实时动态,"王东峰在河北省应对新冠肺炎疫情工作领导小组扩大会议上强调,科学...",http://www.thepaper.cn/newsDetail_forward_10703588,澎湃新闻,2021-1-7,5
中国肺炎疫情实时动态,集宁区新冠肺炎疫情防控指挥部四十八号公告——关于进一步加强...,http://www.thepaper.cn/newsDetail_forward_10694348,澎湃新闻,2021-1-7,40
中国肺炎疫情实时动态,"河北省新增51例,其中2人曾在山西活动!|太原市疾控中心|疫情防控|...",http://new.qq.com/omn/ENT20190/20210107A096MP00.html,腾讯网,2021-1-7,20
地区,标题,网址,来源,日期,对新闻标题和内容评分
中国肺炎疫情实时动态,全员检测首日发现阳性样本7例 石家庄市第二场新冠肺炎防控发布会...,http://www.tibet.cn/cn/Instant/local/202101/t20210107_6933164.html,中国西藏网,2021-1-7,40
中国肺炎疫情实时动态,升级实时疫情简报 新病例风险随手查,http://new.qq.com/omn/ENT20190/20210107A05HLA00.html,腾讯网,2021-1-7,25
中国肺炎疫情实时动态,"大同市新冠肺炎疫情防控工作领导组发布紧急通知,速看!",http://www.thepaper.cn/newsDetail_forward_10689843,澎湃新闻,2021-1-7,20
中国肺炎疫情实时动态,【全球疫情最新动态:全球累计确诊病例突破8684万例】Worldometers...,http://www.fx168.com/fx168_t/2101/4550753.shtml,FX168财经网,2021-1-6,20
中国肺炎疫情实时动态,实时更新:新冠肺炎疫情最新动态,https://news.qq.com/hdh5/feiyanarea.htm?qimei=860299043556478&amp;devid=230533bc05dc4269&amp;uid=100219574792#/area/?pool=&amp;channelId=news_news_gdsg,腾讯网,2021-1-4,15
中国肺炎疫情实时动态,【全球疫情最新动态:全球累计确诊病例突破8545万例】Worldometers...,http://www.fx168.com/fx168_t/2101/4542434.shtml,FX168财经网,2021-1-4,15
中国肺炎疫情实时动态,...多地通报:汽车零部件包装核酸检测阳性;商务部回应三家中国企业...,http://www.nbd.com.cn/articles/2021-01-02/1586686.html,每日经济新闻,2021-1-3,25
中国肺炎疫情实时动态,早财经丨爱尔眼科通告艾芬眼病诊治事件:赴武汉调查;张文宏:上海...,http://www.nbd.com.cn/articles/2021-01-02/1586470.html,每日经济新闻,2021-1-2,20
中国肺炎疫情实时动态,【印度最新疫情动态】据实时信息数据更新网站Worldometers的统计...,https://www.fx168.com/fx168_t/2012/4537095.shtml,FX168财经网,2020-12-31,15
地区,标题,网址,来源,日期,对新闻标题和内容评分
中国肺炎疫情实时动态,【中国黑龙江最新疫情】黑龙江卫健委:2020年12月30日0-24时...,http://www.fx168.com/fx168_t/2012/4536238.shtml,FX168财经网,2020-12-31,25
中国肺炎疫情实时动态,【全球最新疫情动态】据实时信息数据更新网站Worldometers的统计...,https://www.fx168.com/fx168_t/2012/4533025.shtml,FX168财经网,2020-12-30,10
中国肺炎疫情实时动态,全球新型肺炎疫情实时动态 今日全球新型肺炎疫情实时通报,https://new.qq.com/omn/20201230/20201230A02AE800.html,腾讯网,2020-12-30,25
中国肺炎疫情实时动态,"众志成城!中国电建海内外联动抗疫,传递央企责任担当",http://new.qq.com/omn/ENT20190/20201229A065NO00.html,腾讯网,2020-12-29,20
中国肺炎疫情实时动态,...雷军回应“取消附送充电器”;钢琴家傅聪因新冠肺炎在英去世...,http://www.nbd.com.cn/articles/2020-12-28/1582608.html,每日经济新闻,2020-12-29,15
中国肺炎疫情实时动态,"突发!深圳新增1例,近期2次到北京出差!北京进入应急状态,1病例白天...",https://www.163.com/dy/article/FUUJ83PP0530NLC9.html,网易,2020-12-28,15
中国肺炎疫情实时动态,"支棱起来!全国已有22个疫情中风险区!扩散!关于元旦春节,天津最新...",https://www.163.com/dy/article/FUUCLDMC0545BQ6G.html,网易,2020-12-28,0
中国肺炎疫情实时动态,"早财经 | 蚂蚁集团回应被约谈:全面落实要求,立即整改;疫情中风险...",http://www.nbd.com.cn/articles/2020-12-27/1581764.html,每日经济新闻,2020-12-28,0
中国肺炎疫情实时动态,早财经 | 刑法修正案:大幅提高欺诈发行和信披造假的刑罚力度;明年...,http://www.nbd.com.cn/articles/2020-12-26/1581405.html,每日经济新闻,2020-12-27,55
中国肺炎疫情实时动态,"又是阳性,升为中风险地区!这里进入战时状态,地毯式消杀丨大连通报...",https://www.163.com/dy/article/FUQHQMBQ0534MPB1.html,网易,2020-12-27,50
地区,标题,网址,来源,日期,对新闻标题和内容评分
中国肺炎疫情实时动态,凤凰网-全国新冠肺炎疫情实时动态,https://news.ifeng.com/c/special/7tPlDSzDgVk,手机凤凰网,2020-12-26,15
中国肺炎疫情实时动态,"中国疾控提醒:不能忽视疫情防控,还要预防人感染禽流感等",https://baijiahao.baidu.com/s?id=1687101391777882250&amp;wfr=spider&amp;for=pc,读创,2020-12-26,15
中国肺炎疫情实时动态,【美国最新疫情动态:美国累计确诊病例超过1909万例、死亡人数超33...,http://www.fx168.com/fx168_t/2012/4519658.shtml,FX168财经网,2020-12-25,50
中国肺炎疫情实时动态,截至12月17日24时新型冠状病毒肺炎疫情最新情况,http://www.gov.cn/xinwen/2020-12/18/content_5570582.htm,中国政府网,2020-12-18,40
中国肺炎疫情实时动态,《平凡英雄:中国工人阶级抗击新冠肺炎疫情实录》出版,https://www.chinaxwcb.com/info/567558,中国新闻出版网,2020-11-18,25
中国肺炎疫情实时动态,【中国最新疫情播报:中国新冠肺炎确诊病例达8.5万例、死亡人数...,https://www.fx168.com/fx168_t/2010/4335552.shtml,FX168财经网,2020-10-27,20
中国肺炎疫情实时动态,"蒲江县新冠肺炎最新疫情动态(9月12日),关注!中国疾控中心最新提醒!",https://baijiahao.baidu.com/s?id=1677617976078904830&amp;wfr=spider&amp;for=pc,潇湘名医,2020-9-12,10
中国肺炎疫情实时动态,国务院应对新型冠状病毒感染肺炎疫情联防联控机制关于印发进一步...,http://www.gov.cn/gongbao/content/2020/content_5541484.htm,中国政府网,2020-9-11,10
中国肺炎疫情实时动态,外媒关注中国举行抗击新冠肺炎疫情表彰大会,https://baijiahao.baidu.com/s?id=1677326980804904630&amp;wfr=spider&amp;for=pc,中国新闻网,2020-9-9,20
中国肺炎疫情实时动态,截至9月4日24时新型冠状病毒肺炎疫情最新情况,http://www.chinatoday.com.cn/zw2018/rdzt/djyq/yqdt/202009/t20200905_800219742.html,今日中国,2020-9-5,20
地区,标题,网址,来源,日期,对新闻标题和内容评分
石家庄肺炎疫情实时动态,多点发力!中医药全面介入新冠肺炎疫情防控,https://new.qq.com/omn/20210110/20210110A066K700.html,腾讯网,2021-01-10,15
石家庄肺炎疫情实时动态,「河北省第三场新冠肺炎疫情防控工作新闻发布会」石家庄、邢台第...,https://baijiahao.baidu.com/s?id=1688484663123454939&amp;wfr=spider&amp;for=pc,河青新闻网,2021-01-10,15
石家庄肺炎疫情实时动态,"河北新增40例本土确诊病例,均在石家庄",http://www.thepaper.cn/newsDetail_forward_10731834,澎湃新闻,2021-01-10,30
石家庄肺炎疫情实时动态,"25天后,中国再现高风险地区,警钟敲响!钟南山的提醒很重要",https://xw.qq.com/cmsid/20210110A05OIR00?ADTAG=baidutw,腾讯网,2021-01-10,30
石家庄肺炎疫情实时动态,"别信,关于疫情,这些都是谣言!",http://news.ynet.com/2021/01/10/3091743t70.html,北青网,2021-01-10,10
石家庄肺炎疫情实时动态,"紧急出征,驰援石家庄!90后姑娘好样的!",http://new.qq.com/omn/ENT20190/20210110A04YKC00.html,腾讯网,2021-01-10,5
石家庄肺炎疫情实时动态,关注| 2021年1月9日河北省新型冠状病毒肺炎疫情情况,http://www.thepaper.cn/newsDetail_forward_10731144,澎湃新闻,2021-01-10,0
石家庄肺炎疫情实时动态,全国新增48例本土确诊!石家庄回应疫情与宗教活动关系,https://new.qq.com/omn/20210110/20210110A0298800.html,腾讯网,2021-01-10,0
石家庄肺炎疫情实时动态,河北新增46例|石家庄紧急寻人|咸阳、蓝田发布最新通知,https://new.qq.com/omn/20210110/20210110A01Z7300.html,腾讯网,2021-01-10,35
石家庄肺炎疫情实时动态,湖南派出23人流行病学调查队支援石家庄,http://new.qq.com/omn/ENT20190/20210110A01WAO00.html,腾讯网,2021-01-10,30
地区,标题,网址,来源,日期,对新闻标题和内容评分
石家庄肺炎疫情实时动态,多点发力!中医药全面介入新冠肺炎疫情防控,https://new.qq.com/omn/20210110/20210110A066K700.html,腾讯网,2021-01-10,15
石家庄肺炎疫情实时动态,「河北省第三场新冠肺炎疫情防控工作新闻发布会」石家庄、邢台第...,https://baijiahao.baidu.com/s?id=1688484663123454939&amp;wfr=spider&amp;for=pc,河青新闻网,2021-01-10,15
石家庄肺炎疫情实时动态,"河北新增40例本土确诊病例,均在石家庄",http://www.thepaper.cn/newsDetail_forward_10731834,澎湃新闻,2021-01-10,30
石家庄肺炎疫情实时动态,"25天后,中国再现高风险地区,警钟敲响!钟南山的提醒很重要",https://xw.qq.com/cmsid/20210110A05OIR00?ADTAG=baidutw,腾讯网,2021-01-10,30
石家庄肺炎疫情实时动态,"别信,关于疫情,这些都是谣言!",http://news.ynet.com/2021/01/10/3091743t70.html,北青网,2021-01-10,10
石家庄肺炎疫情实时动态,"紧急出征,驰援石家庄!90后姑娘好样的!",http://new.qq.com/omn/ENT20190/20210110A04YKC00.html,腾讯网,2021-01-10,5
石家庄肺炎疫情实时动态,关注| 2021年1月9日河北省新型冠状病毒肺炎疫情情况,http://www.thepaper.cn/newsDetail_forward_10731144,澎湃新闻,2021-01-10,0
石家庄肺炎疫情实时动态,全国新增48例本土确诊!石家庄回应疫情与宗教活动关系,https://new.qq.com/omn/20210110/20210110A0298800.html,腾讯网,2021-01-10,0
石家庄肺炎疫情实时动态,河北新增46例|石家庄紧急寻人|咸阳、蓝田发布最新通知,https://new.qq.com/omn/20210110/20210110A01Z7300.html,腾讯网,2021-01-10,35
石家庄肺炎疫情实时动态,湖南派出23人流行病学调查队支援石家庄,http://new.qq.com/omn/ENT20190/20210110A01WAO00.html,腾讯网,2021-01-10,30
地区,标题,网址,来源,日期,对新闻标题和内容评分
石家庄肺炎疫情实时动态,我省召开新冠肺炎疫情防控工作第二场新闻发布会,http://sjzrb.sjzdaily.com.cn/sjzrbpaper/pc/content/202101/10/content_29144.html,石家庄日报,2021-01-10,30
石家庄肺炎疫情实时动态,我市举行第五场新冠肺炎疫情防控新闻发布会,http://sjzrb.sjzdaily.com.cn/sjzrbpaper/pc/content/202101/10/content_29145.html,石家庄日报,2021-01-10,15
石家庄肺炎疫情实时动态,石家庄市举行第五场新冠肺炎疫情防控发布会,https://baijiahao.baidu.com/s?id=1688460881509475722&amp;wfr=spider&amp;for=pc,石家庄日报客户端,2021-01-10,30
石家庄肺炎疫情实时动态,"【石家庄已集中隔离1万多人】1月9日,河北省新冠肺炎疫情防控工作...",https://www.fx168.com/fx168_t/2101/4559783.shtml,FX168财经网,2021-01-10,15
石家庄肺炎疫情实时动态,滚动|河北南宫今日起开展第二轮全员核酸采样检测,http://news.voc.com.cn/article/202101/202101100904423895.html,华声新闻,2021-01-10,35
石家庄肺炎疫情实时动态,定州最新防控通知|定州市|疫情防控|邢台|石家庄|新冠肺炎|核酸检测,https://xw.qq.com/cmsid/20210110A01P8D00?ADTAG=baidutw,腾讯网,2021-01-10,15
石家庄肺炎疫情实时动态,"...石家庄44例,邢台2例);新增13例本地无症状感染者,均为石家庄市...",http://www.fx168.com/fx168_t/2101/4559756.shtml,FX168财经网,2021-01-10,15
石家庄肺炎疫情实时动态,检出阳性354人!石家庄本轮疫情还不能确定出现拐点,http://dy.163.com/article/FVVFCI680514Q3T9.html,网易新闻,2021-01-10,15
石家庄肺炎疫情实时动态,...下“暂停键”|河北|核酸检测|石家庄|无症状感染者|疫情|新冠肺炎,http://new.qq.com/omn/ENT20190/20210110A018AL00.html,腾讯网,2021-01-10,0
石家庄肺炎疫情实时动态,新冠肺炎:石家庄核酸检测千万人 揪354阳性 全市停摆 拐点未到,https://baijiahao.baidu.com/s?id=1688451137815317601&amp;wfr=spider&amp;for=pc,脱影快文,2021-01-10,0
地区,标题,网址,来源,日期,对新闻标题和内容评分
石家庄肺炎疫情实时动态,...记者从9日举行的河北省新冠肺炎疫情防控工作新闻发布会上获悉...,https://www.otcbeta.com/kx/976637d3351ee2220d8b2a1620d800d4.html,市商网,2021-01-10,15
石家庄肺炎疫情实时动态,武汉市新冠肺炎疫情动态(2021年1月8日),http://dy.163.com/article/FVUEE7J60514TTK0.html,网易新闻,2021-01-10,15
石家庄肺炎疫情实时动态,"最新!石家庄累计检出阳性人员354人;被病毒“攻陷”的小果庄村,是...",https://new.qq.com/omn/20210109/20210109A0BEHF00.html,腾讯网,2021-1-9,25
石家庄肺炎疫情实时动态,河北省召开第二场新冠肺炎疫情防控工作新闻发布会:石家庄完成全员...,https://baijiahao.baidu.com/s?id=1688423112808154589&amp;wfr=spider&amp;for=pc,潇湘晨报,2021-1-9,10
石家庄肺炎疫情实时动态,(社会)河北省召开新冠肺炎疫情防控工作新闻发布会,https://xw.qq.com/amphtml/20210109A0DLCA00,腾讯网,2021-1-9,0
石家庄肺炎疫情实时动态,我县组织收听收看河北省应对新冠肺炎疫情调度会议,http://www.sjz.gov.cn/col/1490233024346/2021/01/10/1610242568418.html,石家庄市人民政府,2021-1-9,0
石家庄肺炎疫情实时动态,寻人!石家庄行唐县发布新型冠状病毒感染的肺炎疫情排查公告,https://new.qq.com/omn/20210109/20210109A0DGG000.html,腾讯网,2021-1-9,35
石家庄肺炎疫情实时动态,为什么石家庄全体居家7天?拐点何时出现?关注河北第二场疫情发布会,http://new.qq.com/omn/ENT20190/20210109A0CHIS00.html,腾讯网,2021-1-9,15
石家庄肺炎疫情实时动态,石家庄累计检出阳性人员354人 其中87%在藁城区,https://new.qq.com/omn/20210109/20210109A08WH400.html,腾讯网,2021-1-9,15
石家庄肺炎疫情实时动态,赤峰进入战时状态|赤峰市委|新冠肺炎|疫情防控|赤峰|邢台|石家庄,http://new.qq.com/omn/ENT20190/20210108A0EXGQ00.html,腾讯网,2021-1-9,15
地区,标题,网址,来源,日期,对新闻标题和内容评分
石家庄肺炎疫情实时动态,石家庄:疫情尚未出现拐点 全员核酸检测后继续居家7天,http://new.qq.com/omn/ENT20190/20210109A0BBYD00.html,腾讯网,2021-1-9,5
石家庄肺炎疫情实时动态,石家庄市裕华区红十字会应对新型冠状病毒感染的肺炎疫情面向社会...,http://www.thepaper.cn/newsDetail_forward_10725753,澎湃新闻,2021-1-9,5
石家庄肺炎疫情实时动态,石家庄市1月9日新冠肺炎疫情防控工作新闻发布会,http://www.thepaper.cn/newsDetail_forward_10721525,澎湃新闻,2021-1-9,15
石家庄肺炎疫情实时动态,河北疫情防控进展如何?石家庄为何实行7天居家防控?回应来了!,http://dy.163.com/article/FVTQRNDD05346RC7.html,网易新闻,2021-1-9,15
石家庄肺炎疫情实时动态,河北省新冠肺炎疫情防控第2场新闻发布会图文实录,https://baijiahao.baidu.com/s?id=1688397592719896279&amp;wfr=spider&amp;for=pc,石家庄日报客户端,2021-1-9,15
石家庄肺炎疫情实时动态,...集中隔离1万多人!|藁城区|行唐县|新冠肺炎|石家庄|疫情防控,http://new.qq.com/omn/ENT20190/20210109A08GDL00.html,腾讯网,2021-1-9,15
石家庄肺炎疫情实时动态,聊城三地发布新冠肺炎疫情防控通告,http://www.thepaper.cn/newsDetail_forward_10725813,澎湃新闻,2021-1-9,35
石家庄肺炎疫情实时动态,每经16点 | 河北新增2例新冠肺炎确诊病例;石家庄:本轮疫情还不能...,https://finance.ifeng.com/c/82tT593ysCS,手机凤凰网,2021-1-9,15
石家庄肺炎疫情实时动态,"河北最新通报!石家庄累计检出阳性人员354人,疫情还不能确定出现拐点",https://new.qq.com/omn/20210109/20210109A07FL200.html,腾讯网,2021-1-9,35
石家庄肺炎疫情实时动态,马晓伟到河北指导新冠肺炎疫情应急处置工作 要求坚决果断遏制疫情...,http://www.thepaper.cn/newsDetail_forward_10724004,澎湃新闻,2021-1-9,15
地区,标题,网址,来源,日期,对新闻标题和内容评分
河北肺炎疫情实时动态,河北省1月10日新冠肺炎疫情防控工作新闻发布会,http://www.thepaper.cn/newsDetail_forward_10724256,澎湃新闻,2021-01-10,15
河北肺炎疫情实时动态,为什么最近河北新冠肺炎疫情突然有点严重了?,https://baijiahao.baidu.com/s?id=1688477757224240642&amp;wfr=spider&amp;for=pc,未来说社会,2021-01-10,15
河北肺炎疫情实时动态,【1月10日】疫情动态:绥化市新增新冠肺炎无症状感染者2例,http://dy.163.com/article/FVVRGJSL0534MT1S.html,网易新闻,2021-01-10,35
河北肺炎疫情实时动态,2021年1月9日河北省新型冠状病毒肺炎疫情情况,http://www.qdqss.cn/html/2021/0110/40787.html,青岛全搜索,2021-01-10,15
河北肺炎疫情实时动态,河北省召开第二场新冠肺炎疫情防控工作新闻发布会:石家庄完成全员...,https://baijiahao.baidu.com/s?id=1688423112808154589&amp;wfr=spider&amp;for=pc,潇湘晨报,2021-1-9,20
河北肺炎疫情实时动态,河北省召开新冠肺炎疫情防控工作新闻发布会,http://www.xinhuanet.com/photo/2021-01/09/c_1126964686.htm,新华网客户端,2021-1-9,10
河北肺炎疫情实时动态,[河北新闻联播]河北省新冠肺炎疫情防控工作新闻发布会 1月9日0时...,http://news.cctv.com/2021/01/09/VIDEPPnlY1iEmhzhgRNhgnAj210109.shtml,央视网,2021-1-9,10
河北肺炎疫情实时动态,我县组织收听收看河北省应对新冠肺炎疫情调度会议,http://www.thepaper.cn/newsDetail_forward_10729209,澎湃新闻,2021-1-9,10
河北肺炎疫情实时动态,「通报」2021年1月8日河北省新型冠状病毒肺炎疫情情况,https://baijiahao.baidu.com/s?id=1688399761502508173&amp;wfr=spider&amp;for=pc,潇湘晨报,2021-1-9,35
河北肺炎疫情实时动态,"新冠肺炎疫情防控常态化个人防护(七)-节约食物,减少聚集",http://dy.163.com/article/FVTPTGCL0514IJUD.html,网易新闻,2021-1-9,15
地区,标题,网址,来源,日期,对新闻标题和内容评分
河北肺炎疫情实时动态,河北省1月10日新冠肺炎疫情防控工作新闻发布会,http://www.thepaper.cn/newsDetail_forward_10724256,澎湃新闻,2021-01-10,15
河北肺炎疫情实时动态,为什么最近河北新冠肺炎疫情突然有点严重了?,https://baijiahao.baidu.com/s?id=1688477757224240642&amp;wfr=spider&amp;for=pc,未来说社会,2021-01-10,15
河北肺炎疫情实时动态,【1月10日】疫情动态:绥化市新增新冠肺炎无症状感染者2例,http://dy.163.com/article/FVVRGJSL0534MT1S.html,网易新闻,2021-01-10,35
河北肺炎疫情实时动态,2021年1月9日河北省新型冠状病毒肺炎疫情情况,http://www.qdqss.cn/html/2021/0110/40787.html,青岛全搜索,2021-01-10,15
河北肺炎疫情实时动态,河北省召开第二场新冠肺炎疫情防控工作新闻发布会:石家庄完成全员...,https://baijiahao.baidu.com/s?id=1688423112808154589&amp;wfr=spider&amp;for=pc,潇湘晨报,2021-1-9,20
河北肺炎疫情实时动态,河北省召开新冠肺炎疫情防控工作新闻发布会,http://www.xinhuanet.com/photo/2021-01/09/c_1126964686.htm,新华网客户端,2021-1-9,10
河北肺炎疫情实时动态,[河北新闻联播]河北省新冠肺炎疫情防控工作新闻发布会 1月9日0时...,http://news.cctv.com/2021/01/09/VIDEPPnlY1iEmhzhgRNhgnAj210109.shtml,央视网,2021-1-9,10
河北肺炎疫情实时动态,我县组织收听收看河北省应对新冠肺炎疫情调度会议,http://www.thepaper.cn/newsDetail_forward_10729209,澎湃新闻,2021-1-9,10
河北肺炎疫情实时动态,「通报」2021年1月8日河北省新型冠状病毒肺炎疫情情况,https://baijiahao.baidu.com/s?id=1688399761502508173&amp;wfr=spider&amp;for=pc,潇湘晨报,2021-1-9,35
河北肺炎疫情实时动态,"新冠肺炎疫情防控常态化个人防护(七)-节约食物,减少聚集",http://dy.163.com/article/FVTPTGCL0514IJUD.html,网易新闻,2021-1-9,15
地区,标题,网址,来源,日期,对新闻标题和内容评分
河北肺炎疫情实时动态,【工作动态】崂山区市场监督管理局新冠肺炎疫情防控调度会召开,http://new.qq.com/omn/ENT20190/20210109A0BK4U00.html,腾讯网,2021-1-9,15
河北肺炎疫情实时动态,"河北省新冠肺炎疫情防控工作新闻发布会,交通运输工作有这些要点!",http://dy.163.com/article/FVTGU0E505459BZT.html,网易新闻,2021-1-9,15
河北肺炎疫情实时动态,1月8日河北省新冠肺炎疫情防控工作新闻发布会文字实录,https://new.qq.com/omn/20210109/20210109A0578A00.html,腾讯网,2021-1-9,30
河北肺炎疫情实时动态,关注| 2021年1月8日河北省新型冠状病毒肺炎疫情情况,http://www.thepaper.cn/newsDetail_forward_10722050,澎湃新闻,2021-1-9,25
河北肺炎疫情实时动态,河北省人民检察院关于新冠肺炎疫情防控期间以来信、网络和电话...,http://www.thepaper.cn/newsDetail_forward_10720726,澎湃新闻,2021-1-9,15
河北肺炎疫情实时动态,最新消息:河北新冠肺炎疫情源头尚未查实,https://baijiahao.baidu.com/s?id=1688302504000389121&amp;wfr=spider&amp;for=pc,大国纪实,2021-1-8,15
河北肺炎疫情实时动态,"王东峰在河北省应对新冠肺炎疫情工作领导小组扩大会议上强调,科学...",https://baijiahao.baidu.com/s?id=1688183905812745076&amp;wfr=spider&amp;for=pc,环球网,2021-1-7,10
河北肺炎疫情实时动态,"【河北疫情最新消息】2021年1月5日0—24时,河北省新增20例本地...",https://www.fx168.com/fx168_t/2101/4550585.shtml,FX168财经网,2021-1-6,10
河北肺炎疫情实时动态,实时更新:新冠肺炎疫情最新动态,https://news.qq.com/hdh5/feiyanarea.htm?qimei=860299043556478&amp;devid=230533bc05dc4269&amp;uid=100219574792#/area/?pool=&amp;channelId=news_news_gdsg,腾讯网,2021-1-4,15
河北肺炎疫情实时动态,河北省应对新冠肺炎疫情工作会议召开,https://baijiahao.baidu.com/s?id=1687876946842876745&amp;wfr=spider&amp;for=pc,金台资讯,2021-1-3,15
地区,标题,网址,来源,日期,对新闻标题和内容评分
河北肺炎疫情实时动态,新冠肺炎疫情防控常态化个人防护(二)-出门防护安全提醒,https://xw.qq.com/cmsid/20210103A0608D00,腾讯网,2021-1-3,15
河北肺炎疫情实时动态,"疫情发布 | 12月30日,河北省新型冠状病毒肺炎疫情情况",https://www.163.com/dy/article/FV69NHCK0534TIK1.html,网易,2020-12-31,15
河北肺炎疫情实时动态,"突发!深圳新增1例,近期2次到北京出差!北京进入应急状态,1病例白天...",https://www.163.com/dy/article/FUUJ83PP0530NLC9.html,网易,2020-12-28,10
河北肺炎疫情实时动态,最新通报!12月26日河北新冠肺炎疫情情况,https://baijiahao.baidu.com/s?id=1687200703328090504&amp;wfr=spider&amp;for=pc,潇湘晨报,2020-12-27,10
河北肺炎疫情实时动态,"又是阳性,升为中风险地区!这里进入战时状态,地毯式消杀丨大连通报...",https://www.163.com/dy/article/FUQHQMBQ0534MPB1.html,网易,2020-12-27,40
河北肺炎疫情实时动态,12月8日河北省新型冠状病毒肺炎疫情情况,https://baijiahao.baidu.com/s?id=1685565956996019557&amp;wfr=spider&amp;for=pc,潇湘名医,2020-12-9,20
河北肺炎疫情实时动态,河北邯郸疾控中心发布近期新冠肺炎疫情健康提示,https://baijiahao.baidu.com/s?id=1685569408780598301&amp;wfr=spider&amp;for=pc,潇湘晨报,2020-12-9,25
河北肺炎疫情实时动态,12月4日河北新冠肺炎疫情情况,https://baijiahao.baidu.com/s?id=1685203189936822606&amp;wfr=spider&amp;for=pc,潇湘晨报,2020-12-5,10
河北肺炎疫情实时动态,徐建培视频调度全省新冠肺炎疫情防控工作,http://gov.hebnews.cn/2020-11/24/content_8224492.htm,河北新闻网,2020-11-24,5
河北肺炎疫情实时动态,「聚焦」2020年11月22日河北省新型冠状病毒肺炎疫情情况,https://baijiahao.baidu.com/s?id=1684134304394821703&amp;wfr=spider&amp;for=pc,潇湘名医,2020-11-23,5
地区,标题,网址,来源,日期,对新闻标题和内容评分
河北肺炎疫情实时动态,严格管控!河北省乐亭县发布强化新冠肺炎疫情管控通告,https://baijiahao.baidu.com/s?id=1683867717396769066&amp;wfr=spider&amp;for=pc,中国青年网,2020-11-20,15
河北肺炎疫情实时动态,河北表彰抗击新冠肺炎疫情先进激励全省上下不懈奋斗,https://baijiahao.baidu.com/s?id=1680809681157760259&amp;wfr=spider&amp;for=pc,河北新闻网,2020-10-17,10
河北肺炎疫情实时动态,河北省抗击新冠肺炎疫情表彰大会举行,http://hebei.cri.cn/20201017/38763028-f6da-32c9-e762-65cb4271745e.html,国际在线,2020-10-17,30
河北肺炎疫情实时动态,河北保定市应对新冠肺炎疫情工作领导小组办公室发布《关于做好...,https://baijiahao.baidu.com/s?id=1680428203409713734&amp;wfr=spider&amp;for=pc,潇湘晨报,2020-10-13,25
河北肺炎疫情实时动态,关注| 2020年9月30日河北省新型冠状病毒肺炎疫情情况,http://www.thepaper.cn/newsDetail_forward_9435621,澎湃新闻,2020-10-1,30
河北肺炎疫情实时动态,【通报】2020年9月26日河北省新型冠状病毒肺炎疫情情况,http://www.thepaper.cn/newsDetail_forward_9366013,澎湃新闻,2020-9-27,25
河北肺炎疫情实时动态,2020年9月20日河北省新型冠状病毒肺炎疫情情况,https://difang.gmw.cn/he/2020-09/21/content_34206780.htm,手机光明网,2020-9-21,30
河北肺炎疫情实时动态,9月19日河北新冠肺炎疫情情况,https://baijiahao.baidu.com/s?id=1678334524312664862&amp;wfr=spider&amp;for=pc,潇湘名医,2020-9-20,10
河北肺炎疫情实时动态,2020年9月13日河北省新型冠状病毒肺炎疫情情况,https://baijiahao.baidu.com/s?id=1677792259741605108&amp;wfr=spider&amp;for=pc,潇湘名医,2020-9-14,10
河北肺炎疫情实时动态,8月31日河北省新冠肺炎疫情情况,https://baijiahao.baidu.com/s?id=1676594329831957015&amp;wfr=spider&amp;for=pc,潇湘名医,2020-9-1,10
地区,标题,网址,来源,日期,对新闻标题和内容评分
浙江肺炎疫情实时动态,直播页面,http://www.ce.cn/ztpd/xwzt/xzbzt/328_338516/04/?0.9374528607714558,中国经济网,2021-1-8,0
浙江肺炎疫情实时动态,2021年1月8日浙江省新型冠状病毒肺炎疫情情况,https://www.163.com/dy/article/FVQDVTAL05149VH4.html,网易,2021-1-8,0
浙江肺炎疫情实时动态,浙江省举行第六十场新冠肺炎疫情防控工作新闻发布会 慎终如始织牢...,https://zjnews.zjol.com.cn/zjnews/zjxw/202101/t20210108_21937467.shtml,浙江在线,2021-1-8,25
浙江肺炎疫情实时动态,截至1月6日24时新型冠状病毒肺炎疫情最新情况,http://www.chinatoday.com.cn/zw2018/rdzt/djyq/yqdt/202101/t20210107_800231972.html,今日中国,2021-1-7,5
浙江肺炎疫情实时动态,实时更新:新冠肺炎疫情最新动态,https://news.qq.com/hdh5/feiyanarea.htm?qimei=860299043556478&amp;devid=230533bc05dc4269&amp;uid=100219574792#/area/?pool=&amp;channelId=news_news_gdsg,腾讯网,2021-1-4,15
浙江肺炎疫情实时动态,武汉市新冠肺炎疫情动态(2020年12月29日),https://www.163.com/dy/article/FV94PIFE05482EC6.html,网易,2021-1-1,15
浙江肺炎疫情实时动态,凤凰网-全国新冠肺炎疫情实时动态,https://news.ifeng.com/c/special/7tPlDSzDgVk,手机凤凰网,2020-12-26,25
浙江肺炎疫情实时动态,直面新冠肺炎疫情挑战 推动学校卫生与健康教育工作高质量发展,http://edu.yunnan.cn/system/2020/12/25/031201004.shtml,云南网,2020-12-25,5
浙江肺炎疫情实时动态,国内疫情 海外疫情 最新进展 定点医院 病患轨迹 较真辟谣,https://news.qq.com/hdh5/feiyanarea.htm,腾讯网,2020-12-20,15
浙江肺炎疫情实时动态,实时更新:新冠肺炎疫情最新动态,https://news.qq.com/zt2020/page/feiyan.htm?from=timeline&amp;isappinstalled=0&amp;ivk_sa=1023197a#/area?pool=jiangsu,腾讯网,2020-8-2,15
地区,标题,网址,来源,日期,对新闻标题和内容评分
浙江肺炎疫情实时动态,直播页面,http://www.ce.cn/ztpd/xwzt/xzbzt/328_338516/04/?0.9374528607714558,中国经济网,2021-1-8,0
浙江肺炎疫情实时动态,2021年1月8日浙江省新型冠状病毒肺炎疫情情况,https://www.163.com/dy/article/FVQDVTAL05149VH4.html,网易,2021-1-8,0
浙江肺炎疫情实时动态,浙江省举行第六十场新冠肺炎疫情防控工作新闻发布会 慎终如始织牢...,https://zjnews.zjol.com.cn/zjnews/zjxw/202101/t20210108_21937467.shtml,浙江在线,2021-1-8,25
浙江肺炎疫情实时动态,截至1月6日24时新型冠状病毒肺炎疫情最新情况,http://www.chinatoday.com.cn/zw2018/rdzt/djyq/yqdt/202101/t20210107_800231972.html,今日中国,2021-1-7,5
浙江肺炎疫情实时动态,实时更新:新冠肺炎疫情最新动态,https://news.qq.com/hdh5/feiyanarea.htm?qimei=860299043556478&amp;devid=230533bc05dc4269&amp;uid=100219574792#/area/?pool=&amp;channelId=news_news_gdsg,腾讯网,2021-1-4,15
浙江肺炎疫情实时动态,武汉市新冠肺炎疫情动态(2020年12月29日),https://www.163.com/dy/article/FV94PIFE05482EC6.html,网易,2021-1-1,15
浙江肺炎疫情实时动态,凤凰网-全国新冠肺炎疫情实时动态,https://news.ifeng.com/c/special/7tPlDSzDgVk,手机凤凰网,2020-12-26,25
浙江肺炎疫情实时动态,直面新冠肺炎疫情挑战 推动学校卫生与健康教育工作高质量发展,http://edu.yunnan.cn/system/2020/12/25/031201004.shtml,云南网,2020-12-25,5
浙江肺炎疫情实时动态,国内疫情 海外疫情 最新进展 定点医院 病患轨迹 较真辟谣,https://news.qq.com/hdh5/feiyanarea.htm,腾讯网,2020-12-20,15
浙江肺炎疫情实时动态,实时更新:新冠肺炎疫情最新动态,https://news.qq.com/zt2020/page/feiyan.htm?from=timeline&amp;isappinstalled=0&amp;ivk_sa=1023197a#/area?pool=jiangsu,腾讯网,2020-8-2,15
地区,标题,网址,来源,日期,对新闻标题和内容评分
浙江肺炎疫情实时动态,西班牙疫情,http://news.ifeng.com/c/special/7uLyp1412jw?code=Spain&amp;needpage=1,手机凤凰网,2020-7-16,5
浙江肺炎疫情实时动态,4月29日浙江省新型冠状病毒肺炎疫情情况,https://zjnews.zjol.com.cn/zjnews/zjxw/202004/t20200429_11922514.shtml?ivk_sa=1023197a,浙江在线,2020-4-29,5
浙江肺炎疫情实时动态,实时更新:新冠肺炎疫情最新动态,https://news.qq.com/zt2020/page/feiyan.htm#/area?pool=zj,腾讯网,2020-4-17,25
浙江肺炎疫情实时动态,实时更新:新冠肺炎疫情最新动态,https://news.qq.com/zt2020/page/feiyan.htm?from=timeline#/country?ct=United%20Kingdom,腾讯网,2020-4-5,5
浙江肺炎疫情实时动态,浙江省新冠肺炎疫情情况(3月29日),http://www.zj.xinhuanet.com/2020-03/29/c_1125783467.htm,新华网,2020-3-29,15
浙江肺炎疫情实时动态,实时更新:新冠肺炎疫情最新动态,https://news.qq.com/hdh5/feiyanarea.htm#/area/?pool=xinjiang,腾讯网,2020-3-15,15
浙江肺炎疫情实时动态,直播页面,http://www.ce.cn/ztpd/xwzt/xzbzt/fgfc/04/?0.3153868641816915,中国经济网,2020-3-10,15
浙江肺炎疫情实时动态,凤凰网-全球新冠肺炎疫情实时动态,http://news.ifeng.com/c/special/7uLyp1412jw?code=Italy&amp;needpage=1&amp;webkit=1&amp;ivk_sa=1023197a,手机凤凰网,2020-3-4,15
浙江肺炎疫情实时动态,韩国疫情,http://news.ifeng.com/c/special/7uLyp1412jw?code=Korea&amp;needpage=1&amp;webkit=1,手机凤凰网,2020-3-4,20
浙江肺炎疫情实时动态,浙江新冠肺炎疫情防控应急响应等级从一级调整为二级,http://news.china.com.cn/live/2020-03/02/content_728973.htm,中国网,2020-3-2,10
地区,标题,网址,来源,日期,对新闻标题和内容评分
浙江肺炎疫情实时动态,浙江:280万志愿者参与新冠肺炎疫情防控,http://news.youth.cn/gn/202003/t20200301_12217792.htm,中国青年网,2020-3-1,15
浙江肺炎疫情实时动态,新冠肺炎疫情及防控信息汇总(截至28日22时),https://www.chinanews.com/gn/2020/02-29/9108506.shtml,中国新闻网,2020-2-29,15
浙江肺炎疫情实时动态,习近平:在统筹推进新冠肺炎疫情防控和经济社会发展工作部署会议上...,http://cpc.people.com.cn/n1/2020/0223/c64094-31600380.html,中国共产党新闻网,2020-2-23,15
浙江肺炎疫情实时动态,凤凰网-省市新冠肺炎疫情实时动态,http://news.ifeng.com/c/vivo/7uGaH6JaA1A?prov=0571,手机凤凰网,2020-2-23,15
浙江肺炎疫情实时动态,浙江省十里丰监狱出现新冠肺炎疫情 已开展隔离救治及严查,http://news.cyol.com/content/2020-02/21/content_18389148.htm?_t=950317b1582341965,中国青年报,2020-2-21,15
浙江肺炎疫情实时动态,2020年2月15日浙江省新型冠状病毒肺炎疫情情况,https://zjnews.zjol.com.cn/zjnews/zjxw/202002/t20200215_11671444.shtml,浙江在线,2020-2-15,15
浙江肺炎疫情实时动态,中共浙江省委 浙江省人民政府 关于坚决打赢新冠肺炎疫情防控阻击...,http://www.zj.xinhuanet.com/2020-02/10/c_1125554624.htm,新华网,2020-2-10,15
浙江肺炎疫情实时动态,北大可视化研究团队发布新冠肺炎疫情动态分析图 向公众公开共享,http://news.eastday.com/eastday/13news/auto/news/finance/20200203/u7ai9065524.html,东方网,2020-2-3,15
浙江肺炎疫情实时动态,掌上申报疫情、在线问诊……浙江省新型肺炎防控公共服务管理平台...,http://www.gov.cn/xinwen/2020-01/30/content_5473168.htm,中国政府网,2020-1-30,15
浙江肺炎疫情实时动态,浙江警方提醒:对新型冠状病毒感染的肺炎疫情不造谣、不信谣、不...,http://www.zj.xinhuanet.com/2020-01/29/c_1125510271.htm,新华网,2020-1-29,15
地区,标题,网址,来源,日期,对新闻标题和内容评分
浙江肺炎疫情实时动态,2020年1月29日浙江省新型冠状病毒感染的肺炎疫情情况,https://zjnews.zjol.com.cn/zjnews/zjxw/202001/t20200129_11616844.shtml,浙江在线,2020-1-29,15
浙江肺炎疫情实时动态,浙江省关于防控新型冠状病毒感染的肺炎疫情接受社会捐赠公告,https://zjnews.zjol.com.cn/zjnews/zjxw/202001/t20200129_11616948.shtml,浙江在线,2020-1-29,15
浙江肺炎疫情实时动态,浙江省人社厅发布通知 全方位保障疫情期间劳动者合法权益,http://zj.people.com.cn/n2/2020/0127/c228592-33746282.html,人民网,2020-1-27,20
浙江肺炎疫情实时动态,"浙江警方通报3起涉及新冠肺炎疫情传谣案例,当事人均被行拘",http://news.cnwest.com/tianxia/a/2020/01/26/18408322.html,西部网（陕西新闻网）,2020-1-26,20
浙江肺炎疫情实时动态,微信上线实时搜索“新型肺炎疫情动态”功能,https://finance.ifeng.com/c/7tReisnWoOZ,手机凤凰网,2020-1-22,5
地区,标题,网址,来源,日期,对新闻标题和内容评分
上海肺炎疫情实时动态,权威发布 市民必看|2021疫控一号通告八条硬核措施共同守护家园,http://new.qq.com/omn/ENT20190/20210110A05HP900.html,腾讯网,2021-01-10,0
上海肺炎疫情实时动态,关于进一步严格精准科学 加强疫情防控工作的通知,http://www.thepaper.cn/newsDetail_forward_10725772,澎湃新闻,2021-1-9,0
上海肺炎疫情实时动态,1月8日河北省新冠肺炎疫情防控工作新闻发布会文字实录,https://new.qq.com/omn/20210109/20210109A0578A00.html,腾讯网,2021-1-9,10
上海肺炎疫情实时动态,王普清出席省政府新冠肺炎疫情防控新闻发布会并回答记者提问,https://baijiahao.baidu.com/s?id=1688375476568249691&amp;wfr=spider&amp;for=pc,潇湘晨报,2021-1-9,10
上海肺炎疫情实时动态,"证据确凿!国内多地疫情反扑,大批人疯狂囤货",https://baijiahao.baidu.com/s?id=1688308794484136552&amp;wfr=spider&amp;for=pc,超拼视频购,2021-1-8,15
上海肺炎疫情实时动态,江西举行新冠肺炎疫情防控工作新闻发布会(第二十八场),http://www.scio.gov.cn/xwfbh/gssxwfbh/xwfbh/jiangxi/Document/1696625/1696625.htm,中华人民共和国国务院新闻办公室,2021-1-8,15
上海肺炎疫情实时动态,刚刚!省里传来重要消息!事关春节疫情防控,http://m.thepaper.cn/newsDetail_forward_10707592,澎湃新闻,2021-1-8,30
上海肺炎疫情实时动态,集宁区新冠肺炎疫情防控指挥部四十八号公告——关于进一步加强...,http://www.thepaper.cn/newsDetail_forward_10694348,澎湃新闻,2021-1-7,25
上海肺炎疫情实时动态,"河北省新增51例,其中2人曾在山西活动!|太原市疾控中心|疫情防控|...",http://new.qq.com/omn/ENT20190/20210107A096MP00.html,腾讯网,2021-1-7,40
上海肺炎疫情实时动态,"大同市新冠肺炎疫情防控工作领导组发布紧急通知,速看!",http://www.thepaper.cn/newsDetail_forward_10689843,澎湃新闻,2021-1-7,20
地区,标题,网址,来源,日期,对新闻标题和内容评分
上海肺炎疫情实时动态,权威发布 市民必看|2021疫控一号通告八条硬核措施共同守护家园,http://new.qq.com/omn/ENT20190/20210110A05HP900.html,腾讯网,2021-01-10,0
上海肺炎疫情实时动态,关于进一步严格精准科学 加强疫情防控工作的通知,http://www.thepaper.cn/newsDetail_forward_10725772,澎湃新闻,2021-1-9,0
上海肺炎疫情实时动态,1月8日河北省新冠肺炎疫情防控工作新闻发布会文字实录,https://new.qq.com/omn/20210109/20210109A0578A00.html,腾讯网,2021-1-9,10
上海肺炎疫情实时动态,王普清出席省政府新冠肺炎疫情防控新闻发布会并回答记者提问,https://baijiahao.baidu.com/s?id=1688375476568249691&amp;wfr=spider&amp;for=pc,潇湘晨报,2021-1-9,10
上海肺炎疫情实时动态,"证据确凿!国内多地疫情反扑,大批人疯狂囤货",https://baijiahao.baidu.com/s?id=1688308794484136552&amp;wfr=spider&amp;for=pc,超拼视频购,2021-1-8,15
上海肺炎疫情实时动态,江西举行新冠肺炎疫情防控工作新闻发布会(第二十八场),http://www.scio.gov.cn/xwfbh/gssxwfbh/xwfbh/jiangxi/Document/1696625/1696625.htm,中华人民共和国国务院新闻办公室,2021-1-8,15
上海肺炎疫情实时动态,刚刚!省里传来重要消息!事关春节疫情防控,http://m.thepaper.cn/newsDetail_forward_10707592,澎湃新闻,2021-1-8,30
上海肺炎疫情实时动态,集宁区新冠肺炎疫情防控指挥部四十八号公告——关于进一步加强...,http://www.thepaper.cn/newsDetail_forward_10694348,澎湃新闻,2021-1-7,25
上海肺炎疫情实时动态,"河北省新增51例,其中2人曾在山西活动!|太原市疾控中心|疫情防控|...",http://new.qq.com/omn/ENT20190/20210107A096MP00.html,腾讯网,2021-1-7,40
上海肺炎疫情实时动态,"大同市新冠肺炎疫情防控工作领导组发布紧急通知,速看!",http://www.thepaper.cn/newsDetail_forward_10689843,澎湃新闻,2021-1-7,20
地区,标题,网址,来源,日期,对新闻标题和内容评分
上海肺炎疫情实时动态,【全球疫情最新动态:全球累计确诊病例突破8684万例】Worldometers...,http://www.fx168.com/fx168_t/2101/4550753.shtml,FX168财经网,2021-1-6,25
上海肺炎疫情实时动态,实时更新:新冠肺炎疫情最新动态,https://news.qq.com/hdh5/feiyanarea.htm?qimei=860299043556478&amp;devid=230533bc05dc4269&amp;uid=100219574792#/area/?pool=&amp;channelId=news_news_gdsg,腾讯网,2021-1-4,20
上海肺炎疫情实时动态,【全球疫情最新动态:全球累计确诊病例突破8545万例】Worldometers...,http://www.fx168.com/fx168_t/2101/4542434.shtml,FX168财经网,2021-1-4,15
上海肺炎疫情实时动态,"破案!天桥剧场确诊病例演出一事,捋清楚了",https://www.163.com/dy/article/FVCA6Q6U0550EZLH.html,网易,2021-1-2,15
上海肺炎疫情实时动态,早财经丨爱尔眼科通告艾芬眼病诊治事件:赴武汉调查;张文宏:上海...,http://www.nbd.com.cn/articles/2021-01-01/1586423.html,每日经济新闻,2021-1-2,25
上海肺炎疫情实时动态,【美国最新疫情动态:美国累计确诊病例突破2056万例、死亡人数超35...,http://www.fx168.com/fx168_t/2101/4540415.shtml,FX168财经网,2021-1-2,20
上海肺炎疫情实时动态,"【全球疫情最新动态】Worldometers世界实时统计数据显示,截至香港...",https://www.fx168.com/fx168_t/2012/4536387.shtml,FX168财经网,2020-12-31,30
上海肺炎疫情实时动态,【全球最新疫情动态】据实时信息数据更新网站Worldometers的统计...,http://www.fx168.com/fx168_t/2012/4533025.shtml,FX168财经网,2020-12-30,20
地区,标题,网址,来源,日期,对新闻标题和内容评分
上海肺炎疫情实时动态,【全球最新疫情动态】据实时信息数据更新网站Worldometers的统计...,https://www.fx168.com/fx168_t/2012/4533025.shtml,FX168财经网,2020-12-30,25
上海肺炎疫情实时动态,全球新型肺炎疫情实时动态 今日全球新型肺炎疫情实时通报,https://new.qq.com/omn/20201230/20201230A02AE800.html,腾讯网,2020-12-30,20
上海肺炎疫情实时动态,【全球疫情最新动态:全球累计确诊病例突破8162万例】Worldometers...,http://www.fx168.com/fx168_t/2012/4528458.shtml,FX168财经网,2020-12-29,15
上海肺炎疫情实时动态,【美国最新疫情动态:美国累计确诊病例突破1975万例、死亡人数超34...,http://www.fx168.com/fx168_t/2012/4528457.shtml,FX168财经网,2020-12-29,15
上海肺炎疫情实时动态,"突发!深圳新增1例,近期2次到北京出差!北京进入应急状态,1病例白天...",https://www.163.com/dy/article/FUUJ83PP0530NLC9.html,网易,2020-12-28,25
上海肺炎疫情实时动态,"支棱起来!全国已有22个疫情中风险区!扩散!关于元旦春节,天津最新...",https://www.163.com/dy/article/FUUCLDMC0545BQ6G.html,网易,2020-12-28,20
上海肺炎疫情实时动态,"早财经 蚂蚁集团回应被约谈:全面落实要求,立即整改;疫情中风险...",https://www.163.com/dy/article/FUTMFKF80512B07B.html,网易,2020-12-28,25
上海肺炎疫情实时动态,"从追查来源到打造医疗救治闭环,上海防疫的27天都经历了什么?",https://xw.qq.com/cmsid/20201227A0BSHH00,腾讯网,2020-12-27,20
上海肺炎疫情实时动态,"又是阳性,升为中风险地区!这里进入战时状态,地毯式消杀丨大连通报...",https://www.163.com/dy/article/FUQHQMBQ0534MPB1.html,网易,2020-12-27,40
上海肺炎疫情实时动态,凤凰网-全国新冠肺炎疫情实时动态,https://news.ifeng.com/c/special/7tPlDSzDgVk,手机凤凰网,2020-12-26,20
地区,标题,网址,来源,日期,对新闻标题和内容评分
上海肺炎疫情实时动态,早财经丨游族网络39岁董事长救治无效昨日逝世;美国一医生注射莫德...,https://www.163.com/dy/article/FUONF8T10512B07B.html,网易,2020-12-26,40
上海肺炎疫情实时动态,国内疫情 海外疫情 最新进展 定点医院 病患轨迹 较真辟谣,https://news.qq.com/hdh5/feiyanarea.htm,腾讯网,2020-12-20,25
上海肺炎疫情实时动态,【全球最新疫情动态】据实时信息数据更新网站Worldometers的统计...,https://www.fx168.com/fx168_t/2012/4478408.shtml,FX168财经网,2020-12-11,5
上海肺炎疫情实时动态,"【中国疫情最新消息】据健康上海:11月24日0—24时,上海昨日无新增...",https://www.fx168.com/fx168_t/2011/4427599_wap.shtml,FX168财经网,2020-11-25,5
上海肺炎疫情实时动态,上海举行新冠肺炎疫情防控新闻发布会,https://baijiahao.baidu.com/s?id=1684168743847269359&amp;wfr=spider&amp;for=pc,新华网客户端,2020-11-24,25
上海肺炎疫情实时动态,上海召开新冠肺炎疫情防控第88场新闻发布会,https://baijiahao.baidu.com/s?id=1684124682804911127&amp;wfr=spider&amp;for=pc,浙江日报,2020-11-23,20
上海肺炎疫情实时动态,直播预告:今日10点上海市新冠肺炎疫情防控工作新闻发布会,https://baijiahao.baidu.com/s?id=1684111721135380248&amp;wfr=spider&amp;for=pc,潇湘晨报,2020-11-23,20
上海肺炎疫情实时动态,"李强主持上海市新冠肺炎疫情防控工作领导小组专题会议并讲话,龚正...",https://baijiahao.baidu.com/s?id=1684039687119438707&amp;wfr=spider&amp;for=pc,金台资讯,2020-11-22,15
上海肺炎疫情实时动态,上海召开新冠肺炎疫情防控新闻发布会 张文宏:确诊病例为散发病例,https://baijiahao.baidu.com/s?id=1683969493455922116&amp;wfr=spider&amp;for=pc,央广网,2020-11-21,15
上海肺炎疫情实时动态,上海明早将举行新冠肺炎疫情防控工作新闻发布会,https://baijiahao.baidu.com/s?id=1683894535307976391&amp;wfr=spider&amp;for=pc,闪电新闻,2020-11-20,15
地区,标题,网址,来源,日期,对新闻标题和内容评分
北京肺炎疫情实时动态,北京新冠肺炎疫情防控工作领导小组连续调度疫情防控工作,https://baijiahao.baidu.com/s?id=1688459968121992575&amp;wfr=spider&amp;for=pc,人民网,2021-01-10,25
北京肺炎疫情实时动态,1月8日河北省新冠肺炎疫情防控工作新闻发布会文字实录,https://new.qq.com/omn/20210109/20210109A0578A00.html,腾讯网,2021-1-9,25
北京肺炎疫情实时动态,房山区新冠肺炎疫情防控工作领导小组会议召开,http://www.beijing.gov.cn/ywdt/gqrd/202101/t20210107_2203878.html,北京市人民政府,2021-1-7,15
北京肺炎疫情实时动态,"大同市新冠肺炎疫情防控工作领导组发布紧急通知,速看!",http://www.thepaper.cn/newsDetail_forward_10689843,澎湃新闻,2021-1-7,15
北京肺炎疫情实时动态,朝阳区新冠肺炎疫情防控工作领导小组召开第一百零三次会议,http://www.beijing.gov.cn/ywdt/gqrd/202101/t20210106_2199862.html,北京市人民政府,2021-1-6,15
北京肺炎疫情实时动态,"...严控高风险人员进京】1月5日下午,北京新冠肺炎疫情防控工作...",https://www.otcbeta.com/kx/caaad90438e5cd4d8088ae1f0b5d1a2a.html,市商网,2021-1-6,15
北京肺炎疫情实时动态,北京新冠肺炎疫情防控工作领导小组召开第九十六次会议,http://bj.people.com.cn/BIG5/n2/2021/0105/c82844-34510995.html,人民网,2021-1-5,15
北京肺炎疫情实时动态,实时更新:新冠肺炎疫情最新动态,https://news.qq.com/hdh5/feiyanarea.htm?qimei=860299043556478&amp;devid=230533bc05dc4269&amp;uid=100219574792#/area/?pool=&amp;channelId=news_news_gdsg,腾讯网,2021-1-4,15
北京肺炎疫情实时动态,【全球疫情最新动态:全球累计确诊病例突破8545万例】Worldometers...,http://www.fx168.com/fx168_t/2101/4542434.shtml,FX168财经网,2021-1-4,25
地区,标题,网址,来源,日期,对新闻标题和内容评分
北京肺炎疫情实时动态,【全球最新疫情动态】据实时信息数据更新网站Worldometers的统计...,https://www.fx168.com/fx168_t/2012/4533025.shtml,FX168财经网,2020-12-30,25
北京肺炎疫情实时动态,全球新型肺炎疫情实时动态 今日全球新型肺炎疫情实时通报,https://new.qq.com/omn/20201230/20201230A02AE800.html,腾讯网,2020-12-30,20
北京肺炎疫情实时动态,疫情通报,http://www.beijing.gov.cn/ywdt/zwzt/yqfk/yqbb/index.html,北京市人民政府,2020-12-29,15
北京肺炎疫情实时动态,...雷军回应“取消附送充电器”;钢琴家傅聪因新冠肺炎在英去世...,http://www.nbd.com.cn/articles/2020-12-28/1582608.html,每日经济新闻,2020-12-29,15
北京肺炎疫情实时动态,"突发!深圳新增1例,近期2次到北京出差!北京进入应急状态,1病例白天...",https://www.163.com/dy/article/FUUJ83PP0530NLC9.html,网易,2020-12-28,5
北京肺炎疫情实时动态,【美国最新疫情动态:美国累计确诊病例突破1956万例、死亡人数超34...,http://www.fx168.com/fx168_t/2012/4524682.shtml,FX168财经网,2020-12-28,5
北京肺炎疫情实时动态,"早财经 | 蚂蚁集团回应被约谈:全面落实要求,立即整改;疫情中风险...",http://www.nbd.com.cn/articles/2020-12-27/1581764.html,每日经济新闻,2020-12-28,55
北京肺炎疫情实时动态,"北京:“两节”期间,加强公园、景区及游客集聚地流量管控",https://new.qq.com/omn/20201227/20201227A0EFSD00.html,腾讯网,2020-12-27,50
北京肺炎疫情实时动态,"...12月26日上午,北京新冠肺炎疫情防控工作领导小组召开视频调度...",http://www.fx168.com/fx168_t/2012/4523578.shtml,FX168财经网,2020-12-27,40
北京肺炎疫情实时动态,实时更新:新冠肺炎疫情最新动态,https://news.qq.com/hdh5/feiyanarea.htm?qimei=860299043556478&amp;devid=230533bc05dc4269&amp;uid=100219574792#/area/?pool=&amp;channelId=news_news_gdsg,腾讯新闻,2021-1-4,20
地区,标题,网址,来源,日期,对新闻标题和内容评分
北京肺炎疫情实时动态,"又是阳性,升为中风险地区!这里进入战时状态,地毯式消杀丨大连通报...",https://www.163.com/dy/article/FUQHQMBQ0534MPB1.html,网易,2020-12-27,5
北京肺炎疫情实时动态,凤凰网-全国新冠肺炎疫情实时动态,https://news.ifeng.com/c/special/7tPlDSzDgVk,手机凤凰网,2020-12-26,5
北京肺炎疫情实时动态,早财经丨游族网络39岁董事长救治无效昨日逝世;美国一医生注射莫德...,http://www.nbd.com.cn/articles/2020-12-25/1581076.html,每日经济新闻,2020-12-26,15
北京肺炎疫情实时动态,【美国最新疫情动态:美国累计确诊病例超过1911万例、死亡人数超33...,http://www.fx168.com/fx168_t/2012/4520204.shtml,FX168财经网,2020-12-25,15
北京肺炎疫情实时动态,截至12月24日24时全国新型冠状病毒肺炎疫情最新情况,http://www.beijing.gov.cn/ywdt/zwzt/yqfk/yqbb/202012/t20201225_2185408.html,北京市人民政府,2020-12-25,40
北京肺炎疫情实时动态,疫情最新消息:北京12月24日新增报告1例新冠肺炎无症状感染者,https://baijiahao.baidu.com/s?id=1687007084305062564&amp;wfr=spider&amp;for=pc,大国纪实,2020-12-25,25
北京肺炎疫情实时动态,国内疫情 海外疫情 最新进展 定点医院 病患轨迹 较真辟谣,https://news.qq.com/hdh5/feiyanarea.htm,腾讯网,2020-12-20,25
北京肺炎疫情实时动态,12月19日北京新型肺炎疫情防控发布会主要内容,http://bj.bendibao.com/news/20201220/285618.shtm,本地宝,2020-12-20,20
北京肺炎疫情实时动态,【印度最新疫情动态】据实时信息数据更新网站Worldometers的统计...,https://www.fx168.com/fx168_t/2012/4499332.shtml,FX168财经网,2020-12-18,25
北京肺炎疫情实时动态,【加拿大最新疫情动态】据实时信息数据更新网站Worldometers的...,https://www.fx168.com/fx168_t/2012/4495880.shtml,FX168财经网,2020-12-17,5
地区,标题,网址,来源,日期,对新闻标题和内容评分
北京肺炎疫情实时动态,【加拿大最新疫情动态】据实时信息数据更新网站Worldometers的...,https://www.fx168.com/fx168_t/2012/4488171.shtml,FX168财经网,2020-12-15,25
北京肺炎疫情实时动态,【全球最新疫情动态】据实时信息数据更新网站Worldometers的统计...,https://www.fx168.com/fx168_t/2012/4488168.shtml,FX168财经网,2020-12-15,20
北京肺炎疫情实时动态,【美国最新疫情动态】据实时信息数据更新网站Worldometers的统计...,https://www.fx168.com/fx168_t/2012/4470951.shtml,FX168财经网,2020-12-9,25
北京肺炎疫情实时动态,【全球最新疫情动态】据实时信息数据更新网站Worldometers的统计...,https://www.fx168.com/fx168_t/2012/4457459.shtml,FX168财经网,2020-12-4,20
北京肺炎疫情实时动态,【美国最新疫情动态】据实时信息数据更新网站Worldometers的统计...,https://www.fx168.com/fx168_t/2012/4445799.shtml,FX168财经网,2020-12-1,25
北京肺炎疫情实时动态,【全球最新疫情动态】据实时信息数据更新网站Worldometers的统计...,https://www.fx168.com/fx168_t/2011/4424695.shtml,FX168财经网,2020-11-24,20
北京肺炎疫情实时动态,【印度最新疫情动态】据实时信息数据更新网站Worldometers的统计...,https://www.fx168.com/fx168_t/2011/4420981.shtml,FX168财经网,2020-11-23,25
北京肺炎疫情实时动态,【全球最新疫情动态】据实时信息数据更新网站Worldometers的统计...,https://www.fx168.com/fx168_t/2011/4414990.shtml,FX168财经网,2020-11-20,20
北京肺炎疫情实时动态,【全球最新疫情动态】据实时信息数据更新网站Worldometers的统计...,https://www.fx168.com/fx168_t/2011/4414429.shtml,FX168财经网,2020-11-20,25
北京肺炎疫情实时动态,【全球最新疫情动态】据实时信息数据更新网站Worldometers的统计...,https://www.fx168.com/fx168_t/2011/4403217.shtml,FX168财经网,2020-11-17,20
